M, K, N, order, reps, avg_us, gflops, correct
256, 256, 256, ijk, 3, 17797.534, 1.885342, yes
256, 256, 256, ikj, 3, 2575.955, 13.026015, yes
256, 256, 256, jik, 3, 18018.465, 1.862225, yes
256, 256, 256, jki, 3, 46597.938, 0.720084, yes
256, 256, 256, kij, 3, 2460.657, 13.636373, yes
256, 256, 256, kji, 3, 46543.952, 0.720919, yes
512, 512, 512, ijk, 3, 255153.001, 1.052057, yes
512, 512, 512, ikj, 3, 23696.531, 11.328048, yes
512, 512, 512, jik, 3, 258353.588, 1.039024, yes
512, 512, 512, jki, 3, 534686.743, 0.502042, yes
512, 512, 512, kij, 3, 26636.402, 10.077767, yes
512, 512, 512, kji, 3, 533321.696, 0.503327, yes
1024, 1024, 1024, ijk, 3, 3282392.193, 0.654243, yes
1024, 1024, 1024, ikj, 3, 199266.099, 10.776964, yes
1024, 1024, 1024, jik, 3, 3462704.260, 0.620175, yes
1024, 1024, 1024, jki, 3, 6876894.428, 0.312275, yes
1024, 1024, 1024, kij, 3, 208892.908, 10.280309, yes
1024, 1024, 1024, kji, 3, 6862411.073, 0.312934, yes
