n, input, method, repetitions, avg_us, rate_mitems_per_s, sorted_and_preserved
1000000, random, merge_per_call, 1, 115569.308, 8.653, yes
1000000, random, merge_reuse, 1, 86963.320, 11.499, yes
1000000, random, qsort, 1, 139980.401, 7.144, yes
1000000, sorted, merge_per_call, 1, 36786.572, 27.184, yes
1000000, sorted, merge_reuse, 1, 20600.327, 48.543, yes
1000000, sorted, qsort, 1, 30540.093, 32.744, yes
1000000, reverse, merge_per_call, 1, 41492.759, 24.101, yes
1000000, reverse, merge_reuse, 1, 23461.247, 42.623, yes
1000000, reverse, qsort, 1, 36202.032, 27.623, yes
1000000, equal, merge_per_call, 1, 36664.606, 27.274, yes
1000000, equal, merge_reuse, 1, 20362.092, 49.111, yes
1000000, equal, qsort, 1, 30570.287, 32.712, yes
10000000, random, merge_per_call, 1, 1353340.220, 7.389, yes
10000000, random, merge_reuse, 1, 1029513.234, 9.713, yes
10000000, random, qsort, 1, 1644664.295, 6.080, yes
10000000, sorted, merge_per_call, 1, 429639.674, 23.275, yes
10000000, sorted, merge_reuse, 1, 254908.113, 39.230, yes
10000000, sorted, qsort, 1, 363800.884, 27.488, yes
10000000, reverse, merge_per_call, 1, 485564.087, 20.595, yes
10000000, reverse, merge_reuse, 1, 279688.558, 35.754, yes
10000000, reverse, qsort, 1, 437852.572, 22.839, yes
10000000, equal, merge_per_call, 1, 426443.659, 23.450, yes
10000000, equal, merge_reuse, 1, 252642.995, 39.582, yes
10000000, equal, qsort, 1, 359962.989, 27.781, yes
100000000, random, merge_per_call, 1, 15142750.690, 6.604, yes
100000000, random, merge_reuse, 1, 11768316.155, 8.497, yes
100000000, random, qsort, 1, 18791578.116, 5.322, yes
100000000, sorted, merge_per_call, 1, 5020352.871, 19.919, yes
100000000, sorted, merge_reuse, 1, 3016745.545, 33.148, yes
100000000, sorted, qsort, 1, 4102353.025, 24.376, yes
100000000, reverse, merge_per_call, 1, 5570791.153, 17.951, yes
100000000, reverse, merge_reuse, 1, 3231123.347, 30.949, yes
100000000, reverse, qsort, 1, 5105604.182, 19.586, yes
100000000, equal, merge_per_call, 1, 5019345.395, 19.923, yes
100000000, equal, merge_reuse, 1, 3014332.188, 33.175, yes
100000000, equal, qsort, 1, 4102680.057, 24.374, yes
